USE checkpoint-bb7;
-- DROP TABLE IF EXISTS player;
-- DROP TABLE IF EXISTS race;
-- DROP TABLE IF EXISTS team;

INSERT INTO race (id, nom, relance, apothicaire)
VALUES
    (1, 'Orques Noirs', 120000, true),
    (2, 'Elus du Chaos', 120000, true),
    (3, 'Renégats du Chaos', 140000, true),
    (4, 'Elfes Noirs', 100000, true),
    (5, 'Nains', 100000, true),
    (6, 'Union Elfique', 100000, true),
    (7, 'Gobelins', 120000, true),
    (8, 'Halflings', 120000, true),
    (9, 'Humain', 100000, true),
    (10, 'Noblesse Impériale', 140000, true),
    (11, 'Hommes Lézards', 140000, true),
    (12, 'Horreur Necromantiques', 140000, false),
    (13, 'Nurgle', 140000, false),
    (14, 'Ogres', 140000, true),
    (15, 'Alliance du Vieux Monde', 140000, true),
    (16, 'Orques', 120000, true),
    (17, 'Snotlings', 120000, true),
    (18, 'Skavens', 100000, true),
    (19, 'Bas-Fonds', 140000, true),
    (20, 'Elfes Sylvains', 100000, true);

INSERT INTO team (id, nom, tresorerie, cheerleader, assistant, apothicaire, relance, race_id)
VALUES
    (1, 'Thunder Vallet Greenskins.', 600000, 0, 0, 0, 0, 1),
    (2, 'Khorne Flakes', 600000, 0, 0, 0, 0, 2),
    (3, 'In Tzeench we trust', 600000, 0, 0, 0, 0, 3),
    (4, 'Drakens Grudge', 600000, 0, 0, 0, 0, 4),
    (5, 'Anvils tramplers.', 600000, 0, 0, 0, 0, 5),
    (6, 'Wild surfers.', 600000, 0, 0, 0, 0, 6),
    (7, 'The green cheaters.', 600000, 0, 0, 0, 0, 7),
    (8, 'Little chiefs', 600000, 0, 0, 0, 0, 8),
    (9, 'Reikland Reavers', 600000, 0, 0, 0, 0, 9),
    (10, 'Lords of the Field', 600000, 0, 0, 0, 0, 10),
    (11, 'Lustrian Lizards', 600000, 0, 0, 0, 0, 11),
    (12, 'Deadly friendly', 600000, 0, 0, 0, 0, 12),
    (13, 'Pourri Saint Germain', 600000, 0, 0, 0, 0, 13),
    (14, 'The Giantz of the North', 600000, 0, 0, 0, 0, 14),
    (15, 'Team Racket', 600000, 0, 0, 0, 0, 15),
    (16, 'Lé nou', 600000, 0, 0, 0, 0, 16),
    (17, 'Tramplers foulers', 600000, 0, 0, 0, 0, 17),
    (18, 'Total Rat Attack', 600000, 0, 0, 0, 0, 18),
    (19, 'Swampy Bayou Brawlers', 600000, 0, 0, 0, 0, 19),
    (20, 'Athen Lorelorn Archers', 600000, 0, 0, 0, 0, 20);

INSERT INTO player (
    id,
    race_id,
    nb_max,
    poste,
    cout,
    comp_mvmt,
    comp_force,
    comp_agilite,
    comp_passe,
    comp_armure,
    principale,
    secondaire,
    comp
) VALUES
      (1, 1, 12, 'Goblin bruiser lineman', 45000, 6, 2, '3+', '4+', '8+', 'A', 'GPF', 'Esquive, Poids plume, Minus, Crâne épais'),
      (2, 1, 6, 'Black Orcs', 90000, 4, 4, '4+', '5+', '10+', 'GF', 'AP', 'Bagarreur, Projection'),
      (3, 1, 1, 'Trained Troll', 150000, 4, 5, '5+', '5+', '10+', 'F', 'AGP', 'Toujours Affamé, Solitaire (3+), Gerbe de Vomi, Châtaigne (+1), Gros Débile, Régénération, Lancer de coéquipier'),
      (4, 2, 16, 'Beastman Runner Lineman', 60000, 6, 3, '3+', '4+', '9+', 'GMF', 'AP', 'Cornes'),
      (5, 2, 4, 'Chosen Blocker', 100000, 5, 4, '3+', '5+', '10+', 'GMF', 'A', ''),
      (6, 2, 1, 'Chaos Troll', 115000, 4, 5, '5+', '5+', '10+', 'MF', 'AG', 'Toujours Affamé, Solitaire (4+), Gerbe de Vomi, Châtaigne (+1), Gros Débile, Régénération, Lancer de coéquipier'),
      (7, 2, 1, 'Chaos Ogre', 140000, 5, 5, '4+', '5+', '10+', 'MF', 'AG', 'Cerveau Lent, Crâne Epais, Solitaire (4+), Châtaigne (+1), Lancer de coéquipier'),
      (8, 2, 1, 'Minautor', 150000, 5, 5, '4+', '-', '9+', 'MF', 'AG', 'Solitaire (4+), Frénésie, Cornes, Châtaigne (+1), Crâne Epais, Fureur Débridée'),
      (9, 3, 12, 'Renegade Human Lineman', 50000, 6, 3, '3+', '4+', '9+', 'GM', 'AF', ''),
      (10, 3, 1, 'Renegade Human Thrower', 75000, 6, 3, '3+', '3+', '9+', 'GMP', 'AF', 'Animosité(tous coéquipiers), Passe, Libération Controlée'),
      (11, 3, 1, 'Renegade Goblin', 40000, 6, 2, '3+', '4+', '8+', 'AM', 'GP', 'Animosité(tous coéquipiers), Esquive, Poids Plume, Minus'),
      (12, 3, 1, 'Renegade Orc', 50000, 5, 3, '3+', '5+', '10+', 'GM', 'AF', 'Animosité(tous coéquipiers)'),
      (13, 3, 1, 'Renegade Skaven', 50000, 7, 3, '3+', '4+', '8+', 'GM', 'AF', 'Animosité(tous coéquipiers)'),
      (14, 3, 1, 'Renegade Dark Elf', 75000, 6, 3, '2+', '3+', '9+', 'AGM', 'PF', 'Animosité(tous coéquipiers)'),
      (15, 3, 1, 'Renegade Troll', 115000, 4, 5, '5+', '5+', '10+', 'F', 'AGM', 'Châtaigne (+1), Gerbe de vomi, Gros Débile, Lancer de Coéquipier, Régénération, Solitaire (4+), Toujours Affamé'),
      (16, 3, 1, 'Renegade Ogre', 140000, 5, 5, '4+', '5+', '10+', 'F', 'AGM', 'Cerveau Lent, Solitaire (4+), Châtaigne (+1), Crâne Epais, Lancer de Coéquipier'),
      (17, 3, 1, 'Renegade Minotaur', 150000, 5, 5, '4+', '-', '9+', 'F', 'GAM', 'Solitaire (4+), Frénésie, Cornes, Châtaigne (+1), Crâne Epais, Fureur Débridée'),
      (18, 3, 1, 'Renegade Rat Ogre', 150000, 6, 5, '4+', '-', '9+', 'F', 'GAM', 'Sauvagerie Animale, Frénésie, Solitaire (4+), Châtaigne (+1), Queue Préhensile'),
      (19, 4, 12, 'Dark Elf Lineman', 70000, 6, 3, '2+', '4+', '9+', 'AG', 'F', ''),
      (20, 4, 2, 'Runners', 80000, 7, 3, '2+', '3+', '8+', 'AGP', 'F', 'Délestage'),
      (21, 4, 4, 'Blitzers', 100000, 7, 3, '2+', '4+', '9+', 'AG', 'PF', 'Blocage'),
      (22, 4, 2, 'Assassins', 85000, 7, 3, '2+', '5+', '8+', 'AG', 'PF', 'Poursuite, Poignards'),
      (23, 4, 2, 'Witch Elves', 110000, 7, 3, '2+', '5+', '8+', 'AG', 'PF', 'Esquive, Frénésie, Rétablissement'),
      (24, 5, 12, 'Dwarf Blocker Lineman', 70000, 4, 3, '4+', '5+', '10+', 'GF', 'A', 'Blocage, Tacle, Crâne Epais'),
      (25, 5, 2, 'Runners', 85000, 6, 3, '3+', '4+', '9+', 'GP', 'AF', 'Prise Sure, Crâne Epais'),
      (26, 5, 2, 'Blitzers', 80000, 5, 3, '3+', '4+', '10+', 'GF', 'AP', 'Blocage, Crâne Epais'),
      (27, 5, 2, 'Troll Slayer', 95000, 5, 3, '4+', '-', '9+', 'GF', 'A', 'Blocage, Intrépidité, Frénésie, Crâne Epais'),
      (28, 5, 2, 'Deathroller', 170000, 4, 7, '5+', '-', '11+', 'F', 'AG', 'Esquive en Force, Joeur Déloyal (+2), Juggernaut, Solitaire (5+), Châtaigne (+1), Sans les Mains, Arme Secrète, Stabilité'),
      (29, 6, 12, 'Linemen', 60000, 6, 3, '2+', '4+', '8+', 'AG', 'F', ''),
      (30, 6, 2, 'Throwers', 75000, 6, 3, '2+', '2+', '8+', 'AGP', 'F', 'Passe'),
      (31, 6, 4, 'Catchers', 100000, 8, 3, '2+', '4+', '8+', 'AG', 'F', 'Réception, Nerfs d''Acier'),
      (32, 6, 4, 'Blitzers', 115000, 7, 3, '2+', '3+', '9+', 'AG', 'PF', 'Blocage, Glissade Controlée'),
      (33, 7, 16, 'Goblin Lineman', 40000, 6, 2, '3+', '4+', '8+', 'A', 'GPF', 'Esquive, Poids Plume, Minus'),
      (34, 7, 1, 'Bomma', 45000, 6, 2, '3+', '4+', '8+', 'A', 'GPF', 'Bombardier, Esquive, Arme Secrète, Minus'),
      (35, 7, 1, 'Looney', 40000, 6, 2, '3+', '-', '8+', 'A', 'GF', 'Tronçonneuse, Arme Secrète, Minus'),
      (36, 7, 1, 'Fanatic', 70000, 3, 7, '3+', '-', '8+', 'F', 'AG', 'Chaîne et Boulet, Sans les Mains, Arme Secrète, Minus'),
      (37, 7, 1, 'Pogoer', 75000, 7, 2, '3+', '5+', '8+', 'A', 'GPF', 'Esquive, Echasse à Ressort, Minus'),
      (38, 7, 1, 'Ooligan', 65000, 6, 2, '3+', '6+', '8+', 'A', 'GPF', 'Présence Perturbante, Esquive, Poids Plume, Minus'),
      (39, 7, 1, 'Doom Diver', 65000, 6, 2, '3+', '6+', '8+', 'A', 'GF', 'Poids Plume, Minus, Piqué'),
      (40, 7, 2, 'Trained Trolls', 115000, 4, 5, '5+', '5+', '10+', 'F', 'AGP', 'Toujours Affamé, Gros Débile, Solitaire (3+), Châtaigne (+1), Lancer de Coéquipier, Gerbe de Vomi, Régénération'),
      (41, 8, 16, 'Halfling Hopeful Lineman', 30000, 5, 2, '3+', '4+', '7+', 'A', 'GF', 'Esquive, Poids Plume, Minus'),
      (42, 8, 2, 'Halfling Heftys', 50000, 5, 2, '3+', '3+', '8+', 'AP', 'GF', 'Esquive, Parade, Minus'),
      (43, 8, 2, 'Halfling Catchers', 55000, 5, 2, '3+', '3+', '8+', 'A', 'GF', 'Réception, Esquive, Poids Plume, Sprint, Minus'),
      (44, 8, 2, 'Altern Forest Treemen', 120000, 2, 6, '5+', '5+', '11+', 'AP', 'GF', 'Châtaigne (+1), Stabilité, Bras Musclé, Prendre Racine, Crâne Epais, Lancer de Coéquipier, Timmm-ber'),
      (45, 9, 16, 'Human Linemen', 50000, 6, 3, '3+', '4+', '9+', 'G', 'AF', ''),
      (46, 9, 2, 'Throwers', 80000, 6, 3, '3+', '2+', '9+', 'GP', 'AF', 'Passe, Prise Sûre'),
      (47, 9, 4, 'Catchers', 65000, 8, 2, '3+', '5+', '8+', 'AG', 'FP', 'Réception, Esquive'),
      (48, 9, 4, 'Blitzers', 85000, 7, 3, '3+', '4+', '9+', 'GF', 'AP', 'Blocage'),
      (49, 9, 3, 'Halfling Hopeful', 30000, 5, 2, '3+', '4+', '7+', 'A', 'GF', 'Esquive, Poids Plume, Minus'),
      (50, 9, 1, 'Ogre', 140000, 5, 5, '4+', '5+', '10+', 'F', 'AG', 'Cerveau Lent, Solitaire (4+), Châtaigne (+1), Lancer de Coéquipier, Crâne Epais'),
      (51, 10, 12, 'Imperial Retainer Linemen', 45000, 6, 3, '4+', '4+', '8+', 'G', 'AF', 'Parade'),
      (52, 10, 2, 'Imperial Throwers', 75000, 6, 3, '3+', '3+', '9+', 'GP', 'AF', 'Passe, Passe dans la Course'),
      (53, 10, 2, 'Noble Blitzers', 105000, 7, 3, '3+', '4+', '9+', 'AG', 'PF', 'Blocage, Réception'),
      (54, 10, 4, 'Bodyguards', 90000, 6, 3, '3+', '5+', '9+', 'GF', 'A', 'Stabilité, Lutte'),
      (55, 10, 1, 'Ogre', 140000, 5, 5, '4+', '5+', '10+', 'F', 'AG', 'Cerveau Lent, Solitaire (4+), Châtaigne (+1), Lancer de Coéquipier, Crâne Epais'),
      (56, 11, 12, 'Skink Runner Linemen', 60000, 8, 2, '3+', '4+', '8+', 'A', 'GPF', 'Esquive, Minus'),
      (57, 11, 2, 'Chameleon Skink', 70000, 7, 2, '3+', '3+', '8+', 'A', 'GPF', 'Esquive, Sur le Ballon, Poursuite, Minus'),
      (58, 11, 6, 'Saurus Blocker', 85000, 6, 4, '5+', '6+', '10+', 'GF', 'A', ''),
      (59, 11, 1, 'Kroxigor', 140000, 6, 5, '5+', '-', '10+', 'F', 'AG', 'Cerveau Lent, Crâne Epais, Solitaire (4+), Châtaigne (+1), Queue Préhensile'),
      (60, 12, 16, 'Zombie Linemen', 40000, 4, 3, '4+', '-', '9+', 'G', 'AF', 'Régénération'),
      (61, 12, 2, 'Ghoul Runners', 75000, 7, 3, '3+', '4+', '8+', 'AG', 'PF', 'Esquive'),
      (62, 12, 2, 'Wraiths', 95000, 6, 3, '3+', '-', '9+', 'GF', 'A', 'Blocage, Répulsion, Sans les Mains, Régénération, Glissade Controlée'),
      (63, 12, 2, 'Werewolves', 125000, 8, 3, '3+', '4+', '9+', 'AG', 'PF', 'Griffes, Frénésie, Régénération'),
      (64, 12, 2, 'Flesh Golems', 115000, 4, 4, '4+', '-', '10+', 'GF', 'A', 'Régénération, Stabilité, Crâne Epais'),
      (65, 13, 12, 'Rotter Linemen', 35000, 5, 3, '4+', '6+', '9+', 'GM', 'AF', 'Décomposition, Contagieux'),
      (66, 13, 4, 'Pestigors', 75000, 6, 3, '3+', '4+', '9+', 'GMF', 'AP', 'Cornes, Contagieux, Régénération'),
      (67, 13, 4, 'Bloaters', 115000, 4, 4, '4+', '6+', '10+', 'GMF', 'A', 'Présence Perturbante, Répulsion, Contagieux, Régénération'),
      (68, 13, 1, 'Rotspawn', 140000, 4, 5, '5+', '-', '10+', 'F', 'AGM', 'Présence Perturbante, Répulsion, Solitaire (4+), Châtaigne (+1), Contagieux, Gros Débile, Régénération, Tentacules'),
      (69, 14, 16, 'Gnoblar Linemen', 15000, 5, 1, '3+', '5+', '6+', 'A', 'G', 'Esquive, Poids Plume, Minus, Glissade Controlée, Microbe'),
      (70, 14, 1, 'Ogre Runt Punter', 145000, 5, 5, '4+', '4+', '10+', 'PF', 'AG', 'Cerveau Lent, Châtaigne (+1), Botter de coéquipier, Crâne Epais'),
      (71, 14, 5, 'Ogre Blockers', 140000, 5, 5, '4+', '5+', '10+', 'F', 'AGP', 'Cerveau Lent, Châtaigne (+1), Lancer de coéquipier, Crâne Epais'),
      (72, 15, 12, 'Old World Human Linemen', 50000, 6, 3, '3+', '4+', '9+', 'G', 'AF', ''),
      (73, 15, 1, 'Old World Human Thrower', 80000, 6, 3, '3+', '3+', '9+', 'GP', 'AF', 'Animosité (tous coéquipier Dwarf ou Halfling), Passe, Prise Sûre'),
      (74, 15, 1, 'Old World Human Catcher', 65000, 8, 2, '3+', '5+', '8+', 'AG', 'F', 'Animosité (tous coéquipier Dwarf ou Halfling), Réception, Esquive'),
      (75, 15, 1, 'Old World Human Blitzer', 90000, 7, 3, '3+', '4+', '9+', 'GF', 'A', 'Animosité (tous coéquipier Dwarf ou Halfling), Blocage'),
      (76, 15, 2, 'Old World Dwarf Blockers', 75000, 4, 3, '4+', '5+', '10+', 'GF', 'A', 'Clé de Bras, Bagarreur, Solitaire (3+), Crâne Epais'),
      (77, 15, 1, 'Old World Dwarf Runner', 85000, 6, 3, '3+', '4+', '9+', 'GP', 'AF', 'Solitaire (3+), Prise Sûre, Crâne Epais'),
      (78, 15, 1, 'Old World Dwarf Blitzer', 80000, 5, 3, '3+', '4+', '10+', 'GF', 'A', 'Blocage, Solitaire (3+), Crâne Epais'),
      (79, 15, 1, 'Old World Dwarf Troll Slayer', 95000, 5, 3, '4+', '-', '9+', 'GF', 'A', 'Blocage, Intrépide, Frénésie, Solitaire (3+), Crâne Epais'),
      (80, 15, 1, 'Old World Halfling Hopeful', 30000, 5, 2, '3+', '4+', '7+', 'GF', 'A', 'Animosité (tous coéquipier Dwarf ou Humain), Minus, Esquive, Poids Plume'),
      (81, 15, 1, 'Ogre', 140000, 5, 5, '4+', '5+', '10+', 'F', 'AG', 'Cerveau Lent, Solitaire (4+), Châtaigne (+1), Crâne Epais, Lancer de Coéquipier'),
      (82, 15, 1, 'Altern Forest Treeman', 120000, 2, 6, '5+', '5+', '11+', 'F', 'AGP', 'Solitaire (4+), Prendre Racine, Châtaigne (+1), Stabilité, Bras Musclé, Crâne Epais, Lancer de Coéquipier, Timmm-ber'),
      (83, 16, 16, 'Orc Lineman', 50000, 5, 3, '3+', '4+', '10+', 'G', 'AF', 'Animosité (Orc Linemen)'),
      (84, 16, 2, 'Thrower', 65000, 5, 3, '3+', '3+', '9+', 'GP', 'AF', 'Animosité (Tous coéquipiers), Passe, Prise Sûre'),
      (85, 16, 4, 'Blitzers', 80000, 6, 3, '3+', '4+', '10+', 'GF', 'AP', 'Animosité (Tous coéquipiers), Blocage'),
      (86, 16, 4, 'Big Un Blockers', 90000, 5, 4, '4+', '-', '10+', 'GF', 'A', 'Animosité (Big Un Blockers)'),
      (87, 16, 4, 'Goblins', 40000, 6, 2, '3+', '4+', '8+', 'A', 'GF', 'Esquive, Poids Plume, Minus'),
      (88, 16, 1, 'Untrained Troll', 115000, 4, 5, '5+', '5+', '10+', 'F', 'AGP', 'Toujours Affamé, Gerbe de Vomi, Gros Débile, Lancer de Coéquipier, Solitaire (4+), Châtaigne (+1), Régénération'),
      (94, 17, 16, 'Snotling linemen', 15000, 5, 1, '3+', '5+', '6+', 'A', 'G', 'Esquive, Poids Plume, Minus, Glissade Controlée, Microbe, Déferlement'),
      (95, 17, 2, 'Fungus Flingas', 30000, 5, 1, '3+', '4+', '6+', 'AP', 'G', 'Bombardier, Esquive, Poids Plume, Minus, Glissade Controlée, Arme Secrète'),
      (96, 17, 2, 'Fun-hoppas', 20000, 6, 1, '3+', '5+', '6+', 'A', 'G', 'Esquive, Poids Plume, Minus, Glissade Controlée, Echasse à Ressort'),
      (97, 17, 2, 'Stilty Runnas', 20000, 6, 1, '3+', '5+', '6+', 'A', 'G', 'Esquive, Poids Plume, Minus, Glissade Controlée, Sprint'),
      (98, 17, 2, 'Pump Wagon', 105000, 4, 5, '5+', '-', '9+', 'F', 'AG', 'Joueur Déloyal (+1), Gros Débile, Juggernaut, Châtaigne (+1), Stabilité, Arme Secrète'),
      (99, 17, 2, 'Trained Trolls', 115000, 4, 5, '5+', '5+', '10+', 'F', 'AGP', 'Toujours Affamé, Gros Débile, Solitaire (3+), Châtaigne (+1), Gerbe de Vomi, Régénération, Lancer de Coéquipier'),
      (100, 18, 16, 'Skaven Clanrat Linemen', 50000, 7, 3, '3+', '4+', '8+', 'G', 'AMF', ''),
      (101, 18, 2, 'Throwers', 85000, 7, 3, '3+', '2+', '8+', 'GP', 'AMF', 'Passe, Prise Sûre'),
      (102, 18, 4, 'Gutter Runners', 85000, 9, 2, '2+', '4+', '8+', 'AG', 'MPF', 'Esquive'),
      (103, 18, 2, 'Blitzers', 90000, 7, 3, '3+', '5+', '9+', 'GF', 'AMP', 'Blocage'),
      (104, 18, 1, 'Rat Ogre', 150000, 6, 5, '4+', '-', '9+', 'F', 'AGM', 'Sauvagerie Animale, Frénésie, Solitaire (4+), Châtaigne (+1), Queue Préhensile'),
      (105, 19, 12, 'Underworld Goblin Linemen', 40000, 6, 2, '3+', '4+', '8+', 'AM', 'GF', 'Esquive, Poids Plume, Minus'),
      (106, 19, 6, 'Underworld Snotlings', 15000, 5, 1, '3+', '5+', '6+', 'AM', 'G', 'Esquive, Poids Plume, Glissade Controlée, Minus, Déferlement, Microbe'),
      (107, 19, 3, 'Skaven Clanrat', 50000, 7, 3, '3+', '4+', '8+', 'GM', 'AF', 'Animosité (Underworld Goblin Linemen)'),
      (108, 19, 1, 'Skaven Thrower', 85000, 7, 3, '3+', '2+', '8+', 'GMP', 'AF', 'Animosité (Underworld Goblin Linemen), Passe, Prise Sûre'),
      (109, 19, 1, 'Gutter Runners', 85000, 9, 2, '2+', '4+', '8+', 'AGM', 'PF', 'Animosité (Underworld Goblin Linemen), Esquive'),
      (110, 19, 1, 'Skaven Blitzers', 90000, 7, 3, '3+', '5+', '9+', 'GMF', 'AP', 'Animosité (Underworld Goblin Linemen), Blocage'),
      (111, 19, 1, 'Underworld Troll', 115000, 4, 5, '5+', '5+', '10+', 'MF', 'AGP', 'Toujours Affamé, Solitaire (4+), Châtaigne (+1), Gerbe de Vomi, Gros Débile, Régénération, Lancer de Coéquipier'),
      (112, 19, 1, 'Mutant Rat Ogre', 115000, 6, 5, '4+', '-', '9+', 'MF', 'AG', 'Sauvagerie Animale, Frénésie, Solitaire (4+), Châtaigne (+1), Queue Préhensile'),
      (113, 20, 12, 'Wood Elf Linemen', 70000, 7, 3, '2+', '4+', '8+', 'AG', 'F', ''),
      (114, 20, 2, 'Throwers', 95000, 7, 3, '2+', '2+', '8+', 'AGP', 'F', 'Passe'),
      (115, 20, 4, 'Catchers', 90000, 8, 2, '2+', '4+', '8+', 'AG', 'PF', 'Réception, Esquive'),
      (116, 20, 2, 'Wardancers', 125000, 8, 3, '2+', '4+', '8+', 'AG', 'PF', 'Blocage, Esquive, Saut'),
      (117, 20, 1, 'Loren Forest Treeman', 120000, 2, 6, '5+', '5+', '11+', 'F', 'AG', 'Solitaire (4+), Prendre Racine, Châtaigne (+1), Stabilité, Bras Musclé, Crâne Epais, Lancer de Coéquipier');
